ChrB13	101386394	G,A
ChrB13	101400447	G,A
ChrB13	101401119	G,C
ChrB13	101406772	T,C
ChrB07	53435723	T,C
ChrB07	53433739	C,T
ChrB07	53393450	T,C
ChrB07	53386519	A,G
ChrB07	53367828	C,T
ChrB07	53356301	T,C
ChrB07	53343952	C,T
ChrB11	97070288	T,C
ChrB11	97068940	T,C
ChrB16	58962785	G,C
ChrB16	58962757	T,C
ChrB18	92733102	C,T
ChrB18	92734345	A,C
ChrB18	92734448	T,C
ChrB13	79255298	C,G
ChrB05	66523169	C,T
ChrB05	66523124	T,C
ChrB05	66507388	C,T
ChrB05	66505198	A,G
ChrB05	66466620	A,G
ChrB05	66454279	C,T
ChrB05	66427067	C,G
ChrB05	66423211	A,G
ChrB05	66382451	C,T
ChrB05	66377420	C,T
ChrB05	66377376	G,C
ChrB05	66377327	G,A
ChrB05	66361740	T,C
ChrB05	66342096	T,C
ChrB05	66326241	T,C
ChrB05	66325164	G,A
ChrB05	66313887	A,C
ChrB05	66298817	T,C
ChrB05	66278802	C,G
